{
  "accuracy": 0.8909090909090909,
  "precision": 0.8285714285714286,
  "recall": 1,
  "confusionMatrix": {
    "tp": 29,
    "tn": 20,
    "fp": 6,
    "fn": 0
  },
  "totalRecords": 116
}