{
  "weights": [
    0.03180087852205937,
    1.3211835946806567,
    1.3571501799084673,
    -0.16076009843009623,
    -0.3205338455176975,
    -0.17019293077750727
  ],
  "bias": -0.4038221675813518
}